id,label
23465,Harry Plower
23466,Hermione Grader
23467,Ron Freezeley
23468,Coldemort
23469,Hailgrid
23470,Snowbi wan Kenobi
23471,Gordie Plow
23472,The Big Leplowski
23473,
23474,
23475,
23476,
23477,
23478,
23480,
23481,
23482,
23483,
23484,
23485,
23486,
23487,
23488,
23489,
23490,
23491,
23492,
23493,
23494,
23495,
23496,
23497,
23498,
23499,
23500,
23501,
23502,
23503,
23504,
23505,
23506,
23507,
23508,
23509,
23510,
23511,
23512,
23513,
23514,
23515,
23516,
23517,
23518,
23519,
23520,
23521,
23522,
23523,
23524,
23525,
23526,
23527,
23528,
23529,
23530,
23531,
23532,
23533,
23534,
23535,
23536,
23537,
23538,
23539,
23540,
